 ,2_Mercury_WT_13.6_LPB_FT4_YINLUN_FLRS_405kw_29C.sie, , , ,3_Mercury_WT_13.6_LPB_FT4_YINLUN_PP_405kw_29C.sie, , , ,4_Mercury_WT_13.6_LPB_FT4_YINLUN_BOOST_405kw_29C.sie, , , 
ChanTitle,"""Max""",Mean,"""Min""",SDev,"""Max""",Mean,"""Min""",SDev,"""Max""",Mean,"""Min""",SDev
Temp@AT_TC_1.RN_1,144.1903,141.619,139.5589,0.7692499,165.7161,163.6442,161.3788,0.6953822,149.7476,147.8747,145.6599,0.6907985
CAN2@EGRAmbientTm.RN_1,126.1,125.2307,124.1,0.5908722,140.4,139.7284,139.1,0.3545228,133.2,132.4356,131.4,0.5558212
Can_1@X01EngineSp.RN_1,2002.5,1996.016,1989,3.263262,1809.25,1796.921,1783.5,7.044514,2002.75,1996.006,1988.5,3.726779
